date,Hamburg,Schleswig-Holstein,Lower Saxony,Baden-Wuerttemberg,Saarland,Bremen,Brandenburg,Saxony,Bavaria,Saxony-Anhalt,Hesse,Rheinland-Pfalz,North Rhine-Westphalia,Berlin,Mecklenburg-Vorpommern,Thuringia
2020-03-01,0.0,0.0,0.0,0.0,0.0,0.0,0.0,0.0,0.0,0.0,0.0,0.0,0.0,0.0,0.0,0.0
2020-03-02,0.0,0.0,0.0,0.0,0.0,0.0,0.0,0.0,0.0,0.0,0.0,0.0,0.0,0.0,0.0,0.0
2020-03-03,0.0,0.0,0.0,0.0,0.0,0.0,0.0,0.0,0.0,0.0,0.0,0.0,0.0,0.0,0.0,0.0
2020-03-04,0.0,0.0,0.0,0.0,0.0,0.0,0.0,0.0,0.0,0.0,0.0,0.0,0.0,0.0,0.0,0.0
2020-03-05,0.0,0.0,0.0,0.0,0.0,0.0,0.0,0.0,0.0,0.0,0.0,0.0,0.0,0.0,0.0,0.0
2020-03-06,0.0,0.0,0.0,0.0,0.0,0.0,0.0,0.0,0.0,0.0,0.0,0.0,0.0,0.0,0.0,0.0
2020-03-07,0.0,0.0,0.0,0.0,0.0,0.0,0.0,0.0,0.0,0.0,0.0,0.0,0.0,0.0,0.0,0.0
2020-03-08,0.0,0.0,0.0,0.0,0.0,0.0,0.0,0.0,0.0,0.0,0.0,0.0,0.0,0.0,0.0,0.0
2020-03-09,0.0,0.0,0.0,0.0,0.0,0.0,0.0,0.0,0.0,0.0,0.0,0.0,0.0,0.0,0.0,0.0
2020-03-10,0.0,0.0,0.0,0.0,0.0,0.0,0.0,0.0,0.0,0.0,0.0,0.0,0.0,0.0,0.0,0.0
2020-03-11,3.5714285714285716,0.0,0.0,3.5714285714285716,0.0,0.0,0.0,0.0,0.0,0.0,0.0,0.0,0.0,0.0,0.0,0.0
2020-03-12,3.5714285714285716,0.0,0.0,3.5714285714285716,0.0,0.0,0.0,0.0,0.0,0.0,0.0,0.0,0.0,0.0,0.0,0.0
2020-03-13,5.357142857142857,0.0,0.0,3.5714285714285716,0.0,0.0,0.0,0.0,0.0,0.0,14.285714285714286,0.0,14.285714285714286,0.0,0.0,0.0
2020-03-14,5.357142857142857,0.0,0.0,3.5714285714285716,0.0,0.0,0.0,0.0,14.285714285714286,14.285714285714286,14.285714285714286,0.0,14.285714285714286,16.666666666666664,0.0,0.0
2020-03-15,5.357142857142857,0.0,0.0,3.5714285714285716,0.0,0.0,0.0,0.0,14.285714285714286,14.285714285714286,14.285714285714286,0.0,14.285714285714286,16.666666666666664,14.285714285714286,0.0
2020-03-16,28.571428571428573,14.285714285714286,28.571428571428573,3.5714285714285716,10.714285714285714,14.285714285714286,0.0,3.5714285714285716,25.0,14.285714285714286,28.571428571428573,14.285714285714286,14.285714285714286,20.238095238095237,28.571428571428573,0.0
2020-03-17,42.857142857142854,14.285714285714286,57.142857142857146,35.714285714285715,14.285714285714286,14.285714285714286,14.285714285714286,3.5714285714285716,29.76190476190476,28.571428571428573,38.09523809523809,19.047619047619044,23.809523809523807,30.952380952380953,54.761904761904766,14.285714285714286
2020-03-18,42.857142857142854,38.09523809523809,57.142857142857146,38.09523809523809,23.809523809523807,28.571428571428573,28.571428571428573,23.809523809523807,41.07142857142857,28.571428571428573,42.857142857142854,19.047619047619044,23.809523809523807,30.952380952380953,54.761904761904766,19.047619047619044
2020-03-19,42.857142857142854,38.09523809523809,57.142857142857146,38.09523809523809,23.809523809523807,28.571428571428573,28.571428571428573,23.809523809523807,41.07142857142857,28.571428571428573,42.857142857142854,19.047619047619044,23.809523809523807,30.952380952380953,54.761904761904766,19.047619047619044
2020-03-20,42.857142857142854,38.09523809523809,57.142857142857146,38.09523809523809,28.571428571428573,28.571428571428573,28.571428571428573,23.809523809523807,41.07142857142857,28.571428571428573,42.857142857142854,28.571428571428573,23.809523809523807,30.952380952380953,54.761904761904766,19.047619047619044
2020-03-21,42.857142857142854,38.09523809523809,57.142857142857146,38.09523809523809,42.857142857142854,28.571428571428573,28.571428571428573,23.809523809523807,55.357142857142854,28.571428571428573,42.857142857142854,28.571428571428573,23.809523809523807,45.238095238095234,54.761904761904766,19.047619047619044
2020-03-22,57.142857142857146,52.38095238095237,71.42857142857143,57.142857142857146,57.142857142857146,42.857142857142854,42.857142857142854,42.857142857142854,55.357142857142854,42.857142857142854,57.142857142857146,42.857142857142854,38.09523809523809,52.38095238095237,71.42857142857143,33.33333333333333
2020-03-23,57.142857142857146,52.38095238095237,71.42857142857143,57.142857142857146,57.142857142857146,42.857142857142854,57.142857142857146,57.142857142857146,55.357142857142854,57.142857142857146,57.142857142857146,42.857142857142854,42.857142857142854,52.38095238095237,71.42857142857143,33.33333333333333
2020-03-24,57.142857142857146,57.142857142857146,71.42857142857143,57.142857142857146,57.142857142857146,42.857142857142854,57.142857142857146,57.142857142857146,55.357142857142854,57.142857142857146,57.142857142857146,42.857142857142854,42.857142857142854,52.38095238095237,71.42857142857143,38.09523809523809
2020-03-25,57.142857142857146,57.142857142857146,71.42857142857143,57.142857142857146,57.142857142857146,42.857142857142854,57.142857142857146,57.142857142857146,55.357142857142854,57.142857142857146,57.142857142857146,42.857142857142854,42.857142857142854,52.38095238095237,71.42857142857143,38.09523809523809
2020-03-26,57.142857142857146,57.142857142857146,71.42857142857143,57.142857142857146,57.142857142857146,42.857142857142854,57.142857142857146,57.142857142857146,55.357142857142854,57.142857142857146,57.142857142857146,42.857142857142854,42.857142857142854,52.38095238095237,71.42857142857143,38.09523809523809
2020-03-27,57.142857142857146,57.142857142857146,71.42857142857143,57.142857142857146,57.142857142857146,42.857142857142854,57.142857142857146,57.142857142857146,55.357142857142854,57.142857142857146,57.142857142857146,42.857142857142854,42.857142857142854,52.38095238095237,71.42857142857143,57.142857142857146
2020-03-28,57.142857142857146,57.142857142857146,71.42857142857143,57.142857142857146,57.142857142857146,42.857142857142854,57.142857142857146,57.142857142857146,55.357142857142854,57.142857142857146,57.142857142857146,42.857142857142854,42.857142857142854,52.38095238095237,71.42857142857143,57.142857142857146
2020-03-29,57.142857142857146,57.142857142857146,71.42857142857143,57.142857142857146,57.142857142857146,42.857142857142854,57.142857142857146,57.142857142857146,55.357142857142854,57.142857142857146,57.142857142857146,42.857142857142854,42.857142857142854,52.38095238095237,71.42857142857143,57.142857142857146
2020-03-30,57.142857142857146,57.142857142857146,71.42857142857143,57.142857142857146,57.142857142857146,42.857142857142854,57.142857142857146,57.142857142857146,55.357142857142854,57.142857142857146,57.142857142857146,42.857142857142854,42.857142857142854,52.38095238095237,71.42857142857143,57.142857142857146
2020-03-31,71.42857142857143,57.142857142857146,71.42857142857143,57.142857142857146,57.142857142857146,42.857142857142854,71.42857142857143,57.142857142857146,55.357142857142854,57.142857142857146,57.142857142857146,42.857142857142854,42.857142857142854,52.38095238095237,71.42857142857143,57.142857142857146
2020-04-01,71.42857142857143,57.142857142857146,71.42857142857143,57.142857142857146,57.142857142857146,42.857142857142854,71.42857142857143,57.142857142857146,55.357142857142854,57.142857142857146,57.142857142857146,42.857142857142854,42.857142857142854,52.38095238095237,71.42857142857143,57.142857142857146
2020-04-02,71.42857142857143,57.142857142857146,71.42857142857143,57.142857142857146,57.142857142857146,42.857142857142854,71.42857142857143,57.142857142857146,55.357142857142854,57.142857142857146,57.142857142857146,42.857142857142854,42.857142857142854,52.38095238095237,71.42857142857143,57.142857142857146
2020-04-03,71.42857142857143,57.142857142857146,71.42857142857143,57.142857142857146,57.142857142857146,42.857142857142854,71.42857142857143,57.142857142857146,55.357142857142854,57.142857142857146,57.142857142857146,42.857142857142854,42.857142857142854,57.142857142857146,71.42857142857143,57.142857142857146
2020-04-04,71.42857142857143,57.142857142857146,71.42857142857143,57.142857142857146,57.142857142857146,42.857142857142854,71.42857142857143,57.142857142857146,55.357142857142854,57.142857142857146,57.142857142857146,42.857142857142854,42.857142857142854,57.142857142857146,71.42857142857143,57.142857142857146
2020-04-05,71.42857142857143,57.142857142857146,71.42857142857143,57.142857142857146,57.142857142857146,42.857142857142854,71.42857142857143,57.142857142857146,55.357142857142854,57.142857142857146,57.142857142857146,42.857142857142854,42.857142857142854,57.142857142857146,71.42857142857143,57.142857142857146
2020-04-06,71.42857142857143,57.142857142857146,71.42857142857143,57.142857142857146,57.142857142857146,42.857142857142854,71.42857142857143,57.142857142857146,55.357142857142854,57.142857142857146,57.142857142857146,42.857142857142854,42.857142857142854,57.142857142857146,71.42857142857143,57.142857142857146
2020-04-07,71.42857142857143,57.142857142857146,71.42857142857143,57.142857142857146,57.142857142857146,42.857142857142854,71.42857142857143,57.142857142857146,55.357142857142854,57.142857142857146,57.142857142857146,42.857142857142854,42.857142857142854,57.142857142857146,71.42857142857143,57.142857142857146
2020-04-08,71.42857142857143,57.142857142857146,71.42857142857143,57.142857142857146,57.142857142857146,42.857142857142854,71.42857142857143,57.142857142857146,55.357142857142854,57.142857142857146,57.142857142857146,42.857142857142854,42.857142857142854,57.142857142857146,71.42857142857143,57.142857142857146
2020-04-09,71.42857142857143,57.142857142857146,71.42857142857143,57.142857142857146,57.142857142857146,42.857142857142854,71.42857142857143,57.142857142857146,55.357142857142854,57.142857142857146,57.142857142857146,42.857142857142854,42.857142857142854,57.142857142857146,71.42857142857143,57.142857142857146
2020-04-10,71.42857142857143,57.142857142857146,71.42857142857143,57.142857142857146,57.142857142857146,42.857142857142854,71.42857142857143,57.142857142857146,55.357142857142854,57.142857142857146,57.142857142857146,42.857142857142854,42.857142857142854,57.142857142857146,71.42857142857143,57.142857142857146
2020-04-11,71.42857142857143,57.142857142857146,71.42857142857143,57.142857142857146,57.142857142857146,42.857142857142854,71.42857142857143,57.142857142857146,55.357142857142854,57.142857142857146,57.142857142857146,42.857142857142854,42.857142857142854,57.142857142857146,71.42857142857143,57.142857142857146
2020-04-12,71.42857142857143,57.142857142857146,71.42857142857143,57.142857142857146,57.142857142857146,42.857142857142854,71.42857142857143,57.142857142857146,55.357142857142854,57.142857142857146,57.142857142857146,42.857142857142854,42.857142857142854,57.142857142857146,71.42857142857143,57.142857142857146
2020-04-13,71.42857142857143,57.142857142857146,71.42857142857143,57.142857142857146,57.142857142857146,42.857142857142854,71.42857142857143,57.142857142857146,55.357142857142854,57.142857142857146,57.142857142857146,42.857142857142854,42.857142857142854,57.142857142857146,71.42857142857143,57.142857142857146
2020-04-14,71.42857142857143,57.142857142857146,71.42857142857143,57.142857142857146,57.142857142857146,42.857142857142854,71.42857142857143,57.142857142857146,55.357142857142854,57.142857142857146,57.142857142857146,42.857142857142854,42.857142857142854,57.142857142857146,71.42857142857143,57.142857142857146
2020-04-15,71.42857142857143,57.142857142857146,71.42857142857143,57.142857142857146,57.142857142857146,42.857142857142854,71.42857142857143,57.142857142857146,55.357142857142854,57.142857142857146,57.142857142857146,42.857142857142854,42.857142857142854,57.142857142857146,71.42857142857143,57.142857142857146
2020-04-16,71.42857142857143,57.142857142857146,71.42857142857143,57.142857142857146,57.142857142857146,42.857142857142854,71.42857142857143,57.142857142857146,55.357142857142854,57.142857142857146,57.142857142857146,42.857142857142854,42.857142857142854,57.142857142857146,71.42857142857143,57.142857142857146
2020-04-17,57.142857142857146,57.142857142857146,71.42857142857143,57.142857142857146,57.142857142857146,42.857142857142854,71.42857142857143,57.142857142857146,55.357142857142854,57.142857142857146,57.142857142857146,42.857142857142854,42.857142857142854,57.142857142857146,71.42857142857143,57.142857142857146
2020-04-18,57.142857142857146,57.142857142857146,71.42857142857143,57.142857142857146,57.142857142857146,42.857142857142854,71.42857142857143,57.142857142857146,55.357142857142854,57.142857142857146,57.142857142857146,42.857142857142854,42.857142857142854,57.142857142857146,71.42857142857143,57.142857142857146
2020-04-19,71.42857142857143,57.142857142857146,55.357142857142854,57.142857142857146,57.142857142857146,42.857142857142854,71.42857142857143,71.42857142857143,55.357142857142854,57.142857142857146,57.142857142857146,42.857142857142854,42.857142857142854,57.142857142857146,71.42857142857143,57.142857142857146
2020-04-20,71.42857142857143,57.142857142857146,55.357142857142854,57.142857142857146,57.142857142857146,45.238095238095234,42.857142857142854,45.238095238095234,55.357142857142854,57.142857142857146,42.857142857142854,42.857142857142854,42.857142857142854,55.357142857142854,53.57142857142857,42.857142857142854
2020-04-21,71.42857142857143,57.142857142857146,55.357142857142854,57.142857142857146,42.857142857142854,45.238095238095234,42.857142857142854,45.238095238095234,57.142857142857146,57.142857142857146,42.857142857142854,42.857142857142854,42.857142857142854,57.73809523809524,53.57142857142857,42.857142857142854
2020-04-22,73.80952380952382,59.523809523809526,57.73809523809524,59.523809523809526,45.238095238095234,45.238095238095234,45.238095238095234,43.45238095238095,59.523809523809526,59.523809523809526,45.238095238095234,45.238095238095234,45.238095238095234,57.73809523809524,55.952380952380956,45.238095238095234
2020-04-23,85.71428571428571,59.523809523809526,57.73809523809524,59.523809523809526,43.45238095238095,45.238095238095234,45.238095238095234,43.45238095238095,59.523809523809526,59.523809523809526,45.238095238095234,43.45238095238095,45.238095238095234,57.73809523809524,55.952380952380956,45.238095238095234
2020-04-24,85.71428571428571,59.523809523809526,57.73809523809524,59.523809523809526,43.45238095238095,45.238095238095234,45.238095238095234,43.45238095238095,59.523809523809526,59.523809523809526,45.238095238095234,43.45238095238095,45.238095238095234,57.73809523809524,55.952380952380956,45.238095238095234
2020-04-25,85.71428571428571,59.523809523809526,57.73809523809524,59.523809523809526,43.45238095238095,45.238095238095234,45.238095238095234,43.45238095238095,59.523809523809526,59.523809523809526,45.238095238095234,43.45238095238095,45.238095238095234,57.73809523809524,55.952380952380956,45.238095238095234
2020-04-26,85.71428571428571,59.523809523809526,57.73809523809524,59.523809523809526,43.45238095238095,45.238095238095234,45.238095238095234,43.45238095238095,59.523809523809526,59.523809523809526,45.238095238095234,43.45238095238095,45.238095238095234,57.73809523809524,55.952380952380956,45.238095238095234
2020-04-27,85.71428571428571,59.523809523809526,57.73809523809524,59.523809523809526,43.45238095238095,45.238095238095234,41.666666666666664,43.45238095238095,59.523809523809526,59.523809523809526,45.238095238095234,43.45238095238095,45.238095238095234,43.45238095238095,55.952380952380956,45.238095238095234
2020-04-28,73.80952380952382,59.523809523809526,57.73809523809524,59.523809523809526,43.45238095238095,45.238095238095234,41.666666666666664,43.45238095238095,59.523809523809526,59.523809523809526,45.238095238095234,43.45238095238095,45.238095238095234,43.45238095238095,55.952380952380956,45.238095238095234
2020-04-29,73.80952380952382,59.523809523809526,57.73809523809524,59.523809523809526,43.45238095238095,43.65079365079365,41.666666666666664,43.45238095238095,59.523809523809526,57.73809523809524,45.238095238095234,43.45238095238095,45.238095238095234,43.45238095238095,55.952380952380956,45.238095238095234
2020-04-30,73.80952380952382,59.523809523809526,57.73809523809524,59.523809523809526,43.45238095238095,43.65079365079365,41.666666666666664,57.73809523809524,59.523809523809526,57.73809523809524,45.238095238095234,43.45238095238095,45.238095238095234,43.45238095238095,55.952380952380956,45.238095238095234
2020-05-01,73.80952380952382,59.523809523809526,57.73809523809524,59.523809523809526,43.45238095238095,43.65079365079365,41.666666666666664,43.45238095238095,59.523809523809526,57.73809523809524,45.238095238095234,43.45238095238095,45.238095238095234,43.45238095238095,55.952380952380956,45.238095238095234
2020-05-02,73.80952380952382,59.523809523809526,57.73809523809524,59.523809523809526,43.45238095238095,43.65079365079365,41.666666666666664,43.45238095238095,59.523809523809526,55.35714285714287,45.238095238095234,43.45238095238095,45.238095238095234,43.45238095238095,55.952380952380956,45.238095238095234
2020-05-03,73.80952380952382,59.523809523809526,57.73809523809524,59.523809523809526,43.45238095238095,43.65079365079365,41.666666666666664,43.45238095238095,59.523809523809526,55.35714285714287,45.238095238095234,43.45238095238095,45.238095238095234,43.45238095238095,55.952380952380956,45.238095238095234
2020-05-04,57.14285714285715,45.23809523809524,55.35714285714287,59.523809523809526,44.04761904761905,43.65079365079365,21.428571428571427,39.285714285714285,57.936507936507944,25.0,26.190476190476186,29.166666666666664,42.857142857142854,39.285714285714285,42.85714285714287,27.38095238095238
2020-05-05,57.14285714285715,45.23809523809524,55.35714285714287,59.523809523809526,44.04761904761905,43.65079365079365,21.428571428571427,39.285714285714285,57.936507936507944,25.0,26.190476190476186,29.166666666666664,42.857142857142854,39.285714285714285,42.85714285714287,27.38095238095238
2020-05-06,71.42857142857143,59.523809523809526,55.35714285714287,59.523809523809526,44.04761904761905,43.65079365079365,35.714285714285715,39.285714285714285,57.936507936507944,39.285714285714285,40.476190476190474,37.5,42.857142857142854,39.285714285714285,57.14285714285715,41.666666666666664
2020-05-07,57.14285714285715,59.523809523809526,55.35714285714287,59.523809523809526,44.04761904761905,43.65079365079365,35.714285714285715,39.285714285714285,57.936507936507944,39.285714285714285,40.476190476190474,37.5,41.07142857142857,39.285714285714285,57.14285714285715,41.666666666666664
2020-05-08,57.14285714285715,59.523809523809526,53.57142857142858,59.523809523809526,44.04761904761905,43.65079365079365,35.714285714285715,39.285714285714285,57.936507936507944,39.285714285714285,38.69047619047619,37.5,41.07142857142857,39.285714285714285,57.14285714285715,41.666666666666664
2020-05-09,57.14285714285715,59.523809523809526,53.57142857142858,59.523809523809526,44.04761904761905,43.65079365079365,35.714285714285715,39.285714285714285,57.936507936507944,39.285714285714285,38.69047619047619,37.5,41.07142857142857,39.285714285714285,54.76190476190476,41.666666666666664
2020-05-10,57.14285714285715,59.523809523809526,53.57142857142858,59.523809523809526,44.04761904761905,43.65079365079365,35.714285714285715,39.285714285714285,57.936507936507944,39.285714285714285,38.69047619047619,37.5,41.07142857142857,39.285714285714285,54.76190476190476,41.666666666666664
2020-05-11,57.14285714285715,59.523809523809526,51.19047619047619,59.523809523809526,42.261904761904766,43.65079365079365,36.50793650793651,39.285714285714285,57.14285714285715,39.285714285714285,38.69047619047619,32.738095238095234,36.30952380952381,37.5,54.76190476190476,41.666666666666664
2020-05-12,57.14285714285715,59.523809523809526,36.904761904761905,57.14285714285715,42.261904761904766,43.65079365079365,36.50793650793651,39.285714285714285,57.14285714285715,39.285714285714285,38.69047619047619,32.738095238095234,36.30952380952381,37.5,54.76190476190476,39.285714285714285
2020-05-13,52.38095238095239,59.523809523809526,36.904761904761905,57.14285714285715,42.261904761904766,43.65079365079365,36.50793650793651,39.285714285714285,57.14285714285715,39.285714285714285,38.69047619047619,32.738095238095234,36.30952380952381,37.5,54.76190476190476,39.285714285714285
2020-05-14,52.38095238095239,59.523809523809526,36.904761904761905,57.14285714285715,42.261904761904766,43.65079365079365,36.50793650793651,39.285714285714285,57.14285714285715,39.285714285714285,38.69047619047619,32.738095238095234,36.30952380952381,37.5,51.19047619047619,39.285714285714285
2020-05-15,52.38095238095239,59.523809523809526,36.904761904761905,57.14285714285715,42.261904761904766,43.65079365079365,31.746031746031747,36.11111111111111,57.14285714285715,39.285714285714285,36.30952380952381,32.738095238095234,36.30952380952381,37.5,51.19047619047619,34.523809523809526
2020-05-16,52.38095238095239,54.76190476190476,36.904761904761905,57.14285714285715,42.261904761904766,43.65079365079365,31.746031746031747,36.11111111111111,57.14285714285715,39.285714285714285,36.30952380952381,32.738095238095234,36.30952380952381,35.11904761904761,51.19047619047619,34.523809523809526
2020-05-17,52.38095238095239,54.76190476190476,36.904761904761905,57.14285714285715,42.261904761904766,43.65079365079365,31.746031746031747,36.11111111111111,57.14285714285715,39.285714285714285,36.30952380952381,32.738095238095234,36.30952380952381,35.11904761904761,51.19047619047619,34.523809523809526
2020-05-18,52.38095238095239,36.30952380952381,35.11904761904761,55.35714285714287,35.714285714285715,45.23809523809524,31.746031746031747,36.11111111111111,53.96825396825397,36.904761904761905,36.30952380952381,32.738095238095234,36.30952380952381,35.11904761904761,48.8095238095238,34.523809523809526
2020-05-19,38.09523809523809,36.30952380952381,35.11904761904761,55.35714285714287,35.714285714285715,42.857142857142854,31.746031746031747,32.53968253968254,53.96825396825397,36.904761904761905,36.30952380952381,32.738095238095234,36.30952380952381,35.11904761904761,48.8095238095238,34.523809523809526
2020-05-20,38.09523809523809,36.30952380952381,35.11904761904761,55.35714285714287,35.714285714285715,40.476190476190474,31.746031746031747,32.53968253968254,53.96825396825397,36.904761904761905,36.30952380952381,32.738095238095234,36.30952380952381,35.11904761904761,48.8095238095238,34.523809523809526
2020-05-21,38.09523809523809,36.30952380952381,35.11904761904761,55.35714285714287,35.714285714285715,40.476190476190474,31.746031746031747,32.53968253968254,53.96825396825397,36.904761904761905,36.30952380952381,32.738095238095234,36.30952380952381,35.11904761904761,48.8095238095238,34.523809523809526
2020-05-22,38.09523809523809,36.30952380952381,35.11904761904761,55.35714285714287,35.714285714285715,40.476190476190474,31.746031746031747,32.53968253968254,53.96825396825397,36.904761904761905,36.30952380952381,32.738095238095234,36.30952380952381,35.11904761904761,48.8095238095238,34.523809523809526
2020-05-23,38.09523809523809,36.30952380952381,35.11904761904761,55.35714285714287,35.714285714285715,40.476190476190474,31.746031746031747,32.53968253968254,53.96825396825397,36.904761904761905,36.30952380952381,32.738095238095234,36.30952380952381,35.11904761904761,48.8095238095238,34.523809523809526
2020-05-24,38.09523809523809,36.30952380952381,35.11904761904761,55.35714285714287,35.714285714285715,40.476190476190474,31.746031746031747,32.53968253968254,53.96825396825397,36.904761904761905,36.30952380952381,32.738095238095234,36.30952380952381,35.11904761904761,48.8095238095238,34.523809523809526
2020-05-25,34.523809523809526,34.523809523809526,35.11904761904761,52.976190476190474,35.714285714285715,40.476190476190474,31.746031746031747,32.53968253968254,53.96825396825397,36.904761904761905,36.30952380952381,32.738095238095234,36.30952380952381,35.11904761904761,48.8095238095238,34.523809523809526
2020-05-26,34.523809523809526,34.523809523809526,35.11904761904761,52.976190476190474,35.714285714285715,40.476190476190474,31.746031746031747,32.53968253968254,53.96825396825397,36.904761904761905,36.30952380952381,32.738095238095234,34.523809523809526,35.11904761904761,48.8095238095238,34.523809523809526
2020-05-27,34.523809523809526,34.523809523809526,35.11904761904761,52.976190476190474,35.714285714285715,40.476190476190474,31.746031746031747,32.53968253968254,53.96825396825397,36.904761904761905,36.30952380952381,32.738095238095234,34.523809523809526,35.11904761904761,48.8095238095238,34.523809523809526
2020-05-28,34.523809523809526,34.523809523809526,35.11904761904761,52.976190476190474,35.714285714285715,40.476190476190474,31.746031746031747,32.53968253968254,53.96825396825397,34.523809523809526,36.30952380952381,32.738095238095234,32.738095238095234,35.11904761904761,48.8095238095238,34.523809523809526
2020-05-29,34.523809523809526,34.523809523809526,35.11904761904761,52.976190476190474,35.714285714285715,40.476190476190474,31.746031746031747,32.53968253968254,53.96825396825397,34.523809523809526,36.30952380952381,32.738095238095234,32.738095238095234,35.11904761904761,48.8095238095238,34.523809523809526
2020-05-30,34.523809523809526,34.523809523809526,35.11904761904761,52.976190476190474,35.714285714285715,40.476190476190474,31.746031746031747,32.53968253968254,53.96825396825397,34.523809523809526,36.30952380952381,32.738095238095234,32.738095238095234,35.11904761904761,48.8095238095238,34.523809523809526
2020-05-31,34.523809523809526,34.523809523809526,35.11904761904761,52.976190476190474,35.714285714285715,40.476190476190474,31.746031746031747,32.53968253968254,53.96825396825397,34.523809523809526,36.30952380952381,32.738095238095234,32.738095238095234,35.11904761904761,48.8095238095238,34.523809523809526
2020-06-01,34.523809523809526,34.523809523809526,35.11904761904761,52.976190476190474,35.714285714285715,40.476190476190474,31.746031746031747,32.53968253968254,53.96825396825397,34.523809523809526,36.30952380952381,32.738095238095234,32.738095238095234,35.11904761904761,48.8095238095238,34.523809523809526
2020-06-02,34.523809523809526,34.523809523809526,35.11904761904761,52.976190476190474,35.714285714285715,40.476190476190474,31.746031746031747,32.53968253968254,53.96825396825397,32.738095238095234,34.523809523809526,32.738095238095234,32.738095238095234,32.738095238095234,48.8095238095238,34.523809523809526
2020-06-03,34.523809523809526,34.523809523809526,35.11904761904761,52.976190476190474,35.714285714285715,40.476190476190474,31.746031746031747,32.53968253968254,53.96825396825397,32.738095238095234,34.523809523809526,32.738095238095234,32.738095238095234,32.738095238095234,47.02380952380952,34.523809523809526
2020-06-04,34.523809523809526,34.523809523809526,35.11904761904761,52.976190476190474,35.714285714285715,40.476190476190474,31.746031746031747,32.53968253968254,53.96825396825397,32.738095238095234,34.523809523809526,32.738095238095234,32.738095238095234,32.738095238095234,47.02380952380952,34.523809523809526
2020-06-05,34.523809523809526,34.523809523809526,35.11904761904761,52.976190476190474,35.714285714285715,40.476190476190474,31.746031746031747,32.53968253968254,53.96825396825397,32.738095238095234,34.523809523809526,32.738095238095234,32.738095238095234,32.738095238095234,47.02380952380952,34.523809523809526
2020-06-06,20.238095238095237,20.238095238095237,35.11904761904761,52.976190476190474,35.714285714285715,40.476190476190474,17.460317460317462,32.53968253968254,53.96825396825397,18.452380952380953,20.238095238095237,18.452380952380953,18.452380952380953,32.738095238095234,32.738095238095234,20.238095238095237
2020-06-07,20.238095238095237,20.238095238095237,35.11904761904761,52.976190476190474,35.714285714285715,40.476190476190474,17.460317460317462,32.53968253968254,53.96825396825397,18.452380952380953,20.238095238095237,18.452380952380953,18.452380952380953,32.738095238095234,32.738095238095234,20.238095238095237
2020-06-08,20.238095238095237,20.238095238095237,32.738095238095234,52.976190476190474,35.714285714285715,40.476190476190474,17.460317460317462,32.53968253968254,53.96825396825397,18.452380952380953,20.238095238095237,18.452380952380953,18.452380952380953,32.738095238095234,32.738095238095234,20.238095238095237
2020-06-09,20.238095238095237,20.238095238095237,32.738095238095234,52.976190476190474,35.714285714285715,40.476190476190474,17.460317460317462,32.53968253968254,53.96825396825397,18.452380952380953,20.238095238095237,18.452380952380953,18.452380952380953,32.738095238095234,32.738095238095234,20.238095238095237
2020-06-10,20.238095238095237,20.238095238095237,32.738095238095234,52.976190476190474,35.714285714285715,40.476190476190474,17.460317460317462,32.53968253968254,53.96825396825397,18.452380952380953,20.238095238095237,18.452380952380953,18.452380952380953,32.738095238095234,32.738095238095234,20.238095238095237
2020-06-11,20.238095238095237,20.238095238095237,32.738095238095234,52.976190476190474,35.714285714285715,40.476190476190474,17.460317460317462,32.53968253968254,53.96825396825397,18.452380952380953,20.238095238095237,18.452380952380953,18.452380952380953,32.738095238095234,32.738095238095234,20.238095238095237
2020-06-12,20.238095238095237,20.238095238095237,32.738095238095234,52.976190476190474,35.714285714285715,40.476190476190474,17.460317460317462,32.53968253968254,53.96825396825397,18.452380952380953,20.238095238095237,18.452380952380953,18.452380952380953,32.738095238095234,32.738095238095234,20.238095238095237
2020-06-13,20.238095238095237,20.238095238095237,32.738095238095234,52.976190476190474,35.714285714285715,40.476190476190474,17.460317460317462,32.53968253968254,53.96825396825397,18.452380952380953,20.238095238095237,18.452380952380953,18.452380952380953,32.738095238095234,32.738095238095234,34.523809523809526
2020-06-14,20.238095238095237,20.238095238095237,32.738095238095234,52.976190476190474,35.714285714285715,40.476190476190474,17.460317460317462,32.53968253968254,53.96825396825397,18.452380952380953,20.238095238095237,18.452380952380953,18.452380952380953,32.738095238095234,32.738095238095234,34.523809523809526
2020-06-15,20.238095238095237,20.238095238095237,32.738095238095234,50.59523809523809,35.714285714285715,40.476190476190474,31.746031746031747,32.53968253968254,53.96825396825397,18.452380952380953,20.238095238095237,18.452380952380953,18.452380952380953,32.738095238095234,32.738095238095234,32.738095238095234
2020-06-16,20.238095238095237,20.238095238095237,32.738095238095234,22.023809523809522,35.714285714285715,38.69047619047619,29.960317460317462,32.53968253968254,50.3968253968254,18.452380952380953,20.238095238095237,18.452380952380953,18.452380952380953,32.738095238095234,32.738095238095234,32.738095238095234
2020-06-17,20.238095238095237,20.238095238095237,32.738095238095234,22.023809523809522,35.714285714285715,38.69047619047619,29.960317460317462,32.53968253968254,50.3968253968254,18.452380952380953,20.238095238095237,18.452380952380953,18.452380952380953,32.738095238095234,32.738095238095234,32.738095238095234
2020-06-18,18.452380952380953,20.238095238095237,32.738095238095234,22.023809523809522,35.714285714285715,38.69047619047619,29.960317460317462,32.53968253968254,50.3968253968254,18.452380952380953,20.238095238095237,18.452380952380953,18.452380952380953,32.738095238095234,32.738095238095234,32.738095238095234
2020-06-19,18.452380952380953,20.238095238095237,32.738095238095234,22.023809523809522,35.714285714285715,38.69047619047619,29.960317460317462,32.53968253968254,50.3968253968254,18.452380952380953,20.238095238095237,18.452380952380953,18.452380952380953,32.738095238095234,32.738095238095234,32.738095238095234
2020-06-20,18.452380952380953,20.238095238095237,32.738095238095234,22.023809523809522,35.714285714285715,38.69047619047619,29.960317460317462,32.53968253968254,50.3968253968254,18.452380952380953,20.238095238095237,18.452380952380953,18.452380952380953,32.738095238095234,32.738095238095234,32.738095238095234
2020-06-21,18.452380952380953,20.238095238095237,32.738095238095234,22.023809523809522,35.714285714285715,38.69047619047619,29.960317460317462,32.53968253968254,50.3968253968254,18.452380952380953,20.238095238095237,18.452380952380953,18.452380952380953,32.738095238095234,32.738095238095234,32.738095238095234
2020-06-22,18.452380952380953,18.452380952380953,32.738095238095234,22.023809523809522,35.714285714285715,33.33333333333333,29.960317460317462,32.53968253968254,50.3968253968254,18.452380952380953,18.452380952380953,18.452380952380953,18.452380952380953,30.952380952380953,32.738095238095234,32.738095238095234
2020-06-23,18.452380952380953,18.452380952380953,32.738095238095234,22.023809523809522,35.714285714285715,33.33333333333333,29.960317460317462,32.53968253968254,50.3968253968254,18.452380952380953,18.452380952380953,18.452380952380953,32.738095238095234,30.952380952380953,32.738095238095234,32.738095238095234
2020-06-24,18.452380952380953,18.452380952380953,32.738095238095234,22.023809523809522,35.714285714285715,33.33333333333333,29.960317460317462,32.53968253968254,50.3968253968254,18.452380952380953,18.452380952380953,18.452380952380953,32.738095238095234,30.952380952380953,32.738095238095234,32.738095238095234
2020-06-25,18.452380952380953,18.452380952380953,32.738095238095234,22.023809523809522,35.714285714285715,33.33333333333333,29.960317460317462,32.53968253968254,50.3968253968254,18.452380952380953,18.452380952380953,18.452380952380953,32.738095238095234,30.952380952380953,32.738095238095234,32.738095238095234
2020-06-26,18.452380952380953,18.452380952380953,47.02380952380952,22.023809523809522,35.714285714285715,33.33333333333333,29.960317460317462,32.53968253968254,50.3968253968254,18.452380952380953,18.452380952380953,18.452380952380953,32.738095238095234,30.952380952380953,32.738095238095234,32.738095238095234
2020-06-27,18.452380952380953,18.452380952380953,47.02380952380952,22.023809523809522,35.714285714285715,33.33333333333333,29.960317460317462,32.53968253968254,50.3968253968254,18.452380952380953,18.452380952380953,18.452380952380953,32.738095238095234,30.952380952380953,32.738095238095234,32.738095238095234
2020-06-28,18.452380952380953,18.452380952380953,47.02380952380952,22.023809523809522,35.714285714285715,33.33333333333333,29.960317460317462,32.53968253968254,50.3968253968254,18.452380952380953,18.452380952380953,18.452380952380953,32.738095238095234,30.952380952380953,32.738095238095234,32.738095238095234
2020-06-29,18.452380952380953,18.452380952380953,47.02380952380952,20.238095238095237,35.714285714285715,33.33333333333333,29.960317460317462,32.53968253968254,36.11111111111111,18.452380952380953,18.452380952380953,18.452380952380953,32.738095238095234,30.952380952380953,32.738095238095234,32.738095238095234
2020-06-30,18.452380952380953,18.452380952380953,47.02380952380952,20.238095238095237,35.714285714285715,33.33333333333333,29.960317460317462,32.53968253968254,36.11111111111111,18.452380952380953,18.452380952380953,18.452380952380953,32.738095238095234,30.952380952380953,32.738095238095234,32.738095238095234
2020-07-01,18.452380952380953,18.452380952380953,47.02380952380952,30.952380952380953,35.714285714285715,33.33333333333333,29.960317460317462,32.53968253968254,36.11111111111111,18.452380952380953,18.452380952380953,18.452380952380953,18.452380952380953,30.952380952380953,32.738095238095234,32.738095238095234
2020-07-02,18.452380952380953,18.452380952380953,47.02380952380952,30.952380952380953,35.714285714285715,30.158730158730158,29.960317460317462,32.53968253968254,34.32539682539682,18.452380952380953,18.452380952380953,18.452380952380953,18.452380952380953,30.952380952380953,32.738095238095234,32.738095238095234
2020-07-03,18.452380952380953,18.452380952380953,47.02380952380952,30.952380952380953,35.714285714285715,30.158730158730158,29.960317460317462,32.53968253968254,34.32539682539682,18.452380952380953,18.452380952380953,18.452380952380953,18.452380952380953,30.952380952380953,32.738095238095234,32.738095238095234
2020-07-04,18.452380952380953,18.452380952380953,47.02380952380952,30.952380952380953,35.714285714285715,30.158730158730158,29.960317460317462,32.53968253968254,34.32539682539682,18.452380952380953,18.452380952380953,18.452380952380953,18.452380952380953,30.952380952380953,32.738095238095234,32.738095238095234
2020-07-05,18.452380952380953,18.452380952380953,47.02380952380952,30.952380952380953,35.714285714285715,30.158730158730158,29.960317460317462,32.53968253968254,34.32539682539682,18.452380952380953,18.452380952380953,18.452380952380953,18.452380952380953,30.952380952380953,32.738095238095234,32.738095238095234
2020-07-06,18.452380952380953,18.452380952380953,47.02380952380952,30.952380952380953,35.714285714285715,30.158730158730158,29.960317460317462,32.53968253968254,34.32539682539682,18.452380952380953,16.666666666666664,18.452380952380953,18.452380952380953,30.952380952380953,32.738095238095234,32.738095238095234
2020-07-07,18.452380952380953,18.452380952380953,47.02380952380952,30.952380952380953,35.714285714285715,30.158730158730158,29.960317460317462,32.53968253968254,34.32539682539682,18.452380952380953,16.666666666666664,18.452380952380953,18.452380952380953,30.952380952380953,32.738095238095234,32.738095238095234
2020-07-08,18.452380952380953,18.452380952380953,47.02380952380952,30.952380952380953,35.714285714285715,30.158730158730158,29.960317460317462,32.53968253968254,34.32539682539682,18.452380952380953,16.666666666666664,18.452380952380953,18.452380952380953,30.952380952380953,32.738095238095234,32.738095238095234
2020-07-09,18.452380952380953,18.452380952380953,47.02380952380952,30.952380952380953,35.714285714285715,30.158730158730158,29.960317460317462,32.53968253968254,34.32539682539682,18.452380952380953,16.666666666666664,18.452380952380953,18.452380952380953,30.952380952380953,32.738095238095234,32.738095238095234
2020-07-10,18.452380952380953,18.452380952380953,47.02380952380952,30.952380952380953,35.714285714285715,30.158730158730158,29.960317460317462,32.53968253968254,34.32539682539682,18.452380952380953,16.666666666666664,18.452380952380953,18.452380952380953,30.952380952380953,32.738095238095234,32.738095238095234
2020-07-11,18.452380952380953,18.452380952380953,32.738095238095234,30.952380952380953,35.714285714285715,30.158730158730158,29.960317460317462,32.53968253968254,34.32539682539682,18.452380952380953,16.666666666666664,18.452380952380953,18.452380952380953,30.952380952380953,32.738095238095234,32.738095238095234
2020-07-12,18.452380952380953,18.452380952380953,32.738095238095234,30.952380952380953,35.714285714285715,30.158730158730158,29.960317460317462,32.53968253968254,34.32539682539682,18.452380952380953,16.666666666666664,18.452380952380953,18.452380952380953,30.952380952380953,32.738095238095234,32.738095238095234
2020-07-13,18.452380952380953,18.452380952380953,32.738095238095234,30.952380952380953,35.714285714285715,30.158730158730158,29.960317460317462,32.53968253968254,34.32539682539682,18.452380952380953,16.666666666666664,18.452380952380953,18.452380952380953,30.952380952380953,32.738095238095234,32.738095238095234
2020-07-14,18.452380952380953,18.452380952380953,32.738095238095234,30.952380952380953,35.714285714285715,30.158730158730158,29.960317460317462,32.53968253968254,34.32539682539682,18.452380952380953,16.666666666666664,18.452380952380953,18.452380952380953,30.952380952380953,32.738095238095234,32.738095238095234
2020-07-15,18.452380952380953,18.452380952380953,32.738095238095234,30.952380952380953,35.714285714285715,30.158730158730158,29.960317460317462,32.53968253968254,34.32539682539682,18.452380952380953,16.666666666666664,18.452380952380953,18.452380952380953,30.952380952380953,32.738095238095234,32.738095238095234
2020-07-16,18.452380952380953,18.452380952380953,32.738095238095234,30.952380952380953,35.714285714285715,30.158730158730158,15.674603174603176,32.53968253968254,34.32539682539682,18.452380952380953,16.666666666666664,18.452380952380953,18.452380952380953,30.952380952380953,32.738095238095234,32.738095238095234
2020-07-17,18.452380952380953,18.452380952380953,32.738095238095234,30.952380952380953,35.714285714285715,30.158730158730158,15.674603174603176,32.53968253968254,34.32539682539682,18.452380952380953,16.666666666666664,18.452380952380953,18.452380952380953,30.952380952380953,32.738095238095234,32.738095238095234
2020-07-18,18.452380952380953,18.452380952380953,32.738095238095234,30.952380952380953,35.714285714285715,30.158730158730158,15.674603174603176,32.53968253968254,34.32539682539682,18.452380952380953,16.666666666666664,18.452380952380953,18.452380952380953,30.952380952380953,32.738095238095234,32.738095238095234
2020-07-19,18.452380952380953,18.452380952380953,32.738095238095234,30.952380952380953,35.714285714285715,30.158730158730158,15.674603174603176,32.53968253968254,34.32539682539682,18.452380952380953,16.666666666666664,18.452380952380953,18.452380952380953,30.952380952380953,32.738095238095234,32.738095238095234
2020-07-20,18.452380952380953,18.452380952380953,32.738095238095234,30.952380952380953,35.714285714285715,30.158730158730158,15.674603174603176,32.53968253968254,34.32539682539682,18.452380952380953,16.666666666666664,18.452380952380953,18.452380952380953,30.952380952380953,32.738095238095234,32.738095238095234
2020-07-21,18.452380952380953,18.452380952380953,32.738095238095234,30.952380952380953,35.714285714285715,30.158730158730158,15.674603174603176,32.53968253968254,34.32539682539682,18.452380952380953,16.666666666666664,18.452380952380953,18.452380952380953,29.166666666666664,32.738095238095234,32.738095238095234
2020-07-22,18.452380952380953,18.452380952380953,32.738095238095234,30.952380952380953,35.714285714285715,30.158730158730158,15.674603174603176,32.53968253968254,34.32539682539682,18.452380952380953,16.666666666666664,18.452380952380953,18.452380952380953,29.166666666666664,32.738095238095234,32.738095238095234
2020-07-23,18.452380952380953,18.452380952380953,32.738095238095234,30.952380952380953,35.714285714285715,30.158730158730158,15.674603174603176,32.53968253968254,34.32539682539682,18.452380952380953,16.666666666666664,18.452380952380953,18.452380952380953,29.166666666666664,32.738095238095234,32.738095238095234
2020-07-24,18.452380952380953,18.452380952380953,32.738095238095234,30.952380952380953,35.714285714285715,30.158730158730158,15.674603174603176,32.53968253968254,34.32539682539682,18.452380952380953,16.666666666666664,18.452380952380953,18.452380952380953,29.166666666666664,32.738095238095234,32.738095238095234
2020-07-25,18.452380952380953,18.452380952380953,32.738095238095234,30.952380952380953,35.714285714285715,30.158730158730158,15.674603174603176,32.53968253968254,34.32539682539682,18.452380952380953,16.666666666666664,18.452380952380953,18.452380952380953,29.166666666666664,32.738095238095234,32.738095238095234
2020-07-26,18.452380952380953,18.452380952380953,32.738095238095234,30.952380952380953,35.714285714285715,30.158730158730158,15.674603174603176,32.53968253968254,34.32539682539682,18.452380952380953,16.666666666666664,18.452380952380953,18.452380952380953,29.166666666666664,32.738095238095234,32.738095238095234
2020-07-27,18.452380952380953,18.452380952380953,32.738095238095234,30.952380952380953,35.714285714285715,30.158730158730158,15.674603174603176,32.53968253968254,34.32539682539682,18.452380952380953,16.666666666666664,18.452380952380953,18.452380952380953,29.166666666666664,32.738095238095234,32.738095238095234
2020-07-28,18.452380952380953,18.452380952380953,32.738095238095234,30.952380952380953,35.714285714285715,30.158730158730158,15.674603174603176,32.53968253968254,34.32539682539682,18.452380952380953,16.666666666666664,18.452380952380953,18.452380952380953,29.166666666666664,32.738095238095234,32.738095238095234
2020-07-29,18.452380952380953,18.452380952380953,32.738095238095234,32.142857142857146,35.714285714285715,30.158730158730158,15.674603174603176,32.53968253968254,34.32539682539682,18.452380952380953,16.666666666666664,18.452380952380953,18.452380952380953,29.166666666666664,32.738095238095234,32.738095238095234
2020-07-30,18.452380952380953,18.452380952380953,32.738095238095234,32.142857142857146,35.714285714285715,30.158730158730158,15.674603174603176,32.53968253968254,34.32539682539682,18.452380952380953,16.666666666666664,18.452380952380953,18.452380952380953,29.166666666666664,32.738095238095234,32.738095238095234
2020-07-31,18.452380952380953,18.452380952380953,32.738095238095234,32.142857142857146,35.714285714285715,30.158730158730158,15.674603174603176,32.53968253968254,34.32539682539682,18.452380952380953,16.666666666666664,18.452380952380953,18.452380952380953,29.166666666666664,32.738095238095234,32.738095238095234
2020-08-01,18.452380952380953,18.452380952380953,30.952380952380953,32.142857142857146,33.92857142857143,30.158730158730158,15.674603174603176,32.53968253968254,34.32539682539682,18.452380952380953,16.666666666666664,16.666666666666664,18.452380952380953,29.166666666666664,32.738095238095234,32.738095238095234
2020-08-02,18.452380952380953,18.452380952380953,30.952380952380953,32.142857142857146,33.92857142857143,30.158730158730158,15.674603174603176,32.53968253968254,34.32539682539682,18.452380952380953,16.666666666666664,16.666666666666664,18.452380952380953,29.166666666666664,32.738095238095234,32.738095238095234
2020-08-03,18.452380952380953,18.452380952380953,30.952380952380953,32.142857142857146,33.92857142857143,30.158730158730158,15.674603174603176,32.53968253968254,34.32539682539682,18.452380952380953,16.666666666666664,16.666666666666664,18.452380952380953,29.166666666666664,32.738095238095234,32.738095238095234
2020-08-04,18.452380952380953,18.452380952380953,30.952380952380953,32.142857142857146,33.92857142857143,30.158730158730158,15.674603174603176,32.53968253968254,34.32539682539682,18.452380952380953,16.666666666666664,16.666666666666664,18.452380952380953,29.166666666666664,32.738095238095234,32.738095238095234
2020-08-05,18.452380952380953,18.452380952380953,30.952380952380953,32.142857142857146,33.92857142857143,30.158730158730158,15.674603174603176,32.53968253968254,34.32539682539682,18.452380952380953,16.666666666666664,16.666666666666664,18.452380952380953,29.166666666666664,32.738095238095234,32.738095238095234
2020-08-06,17.261904761904763,18.452380952380953,30.952380952380953,32.142857142857146,33.92857142857143,30.158730158730158,15.674603174603176,32.53968253968254,34.32539682539682,18.452380952380953,16.666666666666664,16.666666666666664,18.452380952380953,29.166666666666664,32.738095238095234,32.738095238095234
2020-08-07,17.261904761904763,18.452380952380953,30.952380952380953,32.142857142857146,33.92857142857143,30.158730158730158,15.674603174603176,32.53968253968254,34.32539682539682,18.452380952380953,16.666666666666664,16.666666666666664,18.452380952380953,29.166666666666664,32.738095238095234,32.738095238095234
2020-08-08,17.261904761904763,18.452380952380953,30.952380952380953,32.142857142857146,33.92857142857143,30.158730158730158,15.674603174603176,32.53968253968254,34.32539682539682,18.452380952380953,16.666666666666664,16.666666666666664,18.452380952380953,25.595238095238095,32.738095238095234,32.738095238095234
2020-08-09,17.261904761904763,18.452380952380953,30.952380952380953,32.142857142857146,33.92857142857143,30.158730158730158,15.674603174603176,32.53968253968254,34.32539682539682,18.452380952380953,16.666666666666664,16.666666666666664,18.452380952380953,25.595238095238095,32.738095238095234,32.738095238095234
2020-08-10,17.261904761904763,18.452380952380953,30.952380952380953,32.142857142857146,33.92857142857143,30.158730158730158,15.674603174603176,32.53968253968254,34.32539682539682,18.452380952380953,16.666666666666664,16.666666666666664,18.452380952380953,25.595238095238095,32.738095238095234,32.738095238095234
2020-08-11,17.261904761904763,18.452380952380953,30.952380952380953,32.142857142857146,33.92857142857143,30.158730158730158,15.674603174603176,32.53968253968254,34.32539682539682,18.452380952380953,16.666666666666664,16.666666666666664,18.452380952380953,25.595238095238095,32.738095238095234,32.738095238095234
2020-08-12,17.261904761904763,18.452380952380953,30.952380952380953,32.142857142857146,33.92857142857143,30.158730158730158,15.674603174603176,32.53968253968254,34.32539682539682,18.452380952380953,16.666666666666664,16.666666666666664,20.238095238095237,25.595238095238095,32.738095238095234,32.738095238095234
2020-08-13,17.261904761904763,18.452380952380953,30.952380952380953,32.142857142857146,33.92857142857143,30.158730158730158,15.674603174603176,32.53968253968254,34.32539682539682,18.452380952380953,16.666666666666664,16.666666666666664,20.238095238095237,25.595238095238095,32.738095238095234,32.738095238095234
2020-08-14,17.261904761904763,18.452380952380953,30.952380952380953,32.142857142857146,33.92857142857143,30.158730158730158,15.674603174603176,32.53968253968254,34.32539682539682,18.452380952380953,14.88095238095238,16.666666666666664,20.238095238095237,25.595238095238095,32.738095238095234,32.738095238095234
2020-08-15,17.261904761904763,18.452380952380953,30.952380952380953,32.142857142857146,33.92857142857143,30.158730158730158,15.674603174603176,32.53968253968254,34.32539682539682,18.452380952380953,14.88095238095238,16.666666666666664,20.238095238095237,25.595238095238095,32.738095238095234,32.738095238095234
2020-08-16,17.261904761904763,18.452380952380953,30.952380952380953,32.142857142857146,33.92857142857143,30.158730158730158,15.674603174603176,32.53968253968254,34.32539682539682,18.452380952380953,14.88095238095238,16.666666666666664,20.238095238095237,25.595238095238095,32.738095238095234,32.738095238095234
2020-08-17,17.261904761904763,18.452380952380953,30.952380952380953,32.142857142857146,33.92857142857143,30.158730158730158,16.865079365079364,32.53968253968254,34.32539682539682,18.452380952380953,14.88095238095238,16.666666666666664,20.238095238095237,25.595238095238095,32.738095238095234,32.738095238095234
2020-08-18,17.261904761904763,18.452380952380953,30.952380952380953,32.142857142857146,33.92857142857143,30.158730158730158,16.865079365079364,32.53968253968254,34.32539682539682,18.452380952380953,14.88095238095238,16.666666666666664,20.238095238095237,25.595238095238095,32.738095238095234,32.738095238095234
2020-08-19,17.261904761904763,18.452380952380953,30.952380952380953,32.142857142857146,33.92857142857143,30.158730158730158,16.865079365079364,32.53968253968254,34.32539682539682,18.452380952380953,14.88095238095238,16.666666666666664,20.238095238095237,25.595238095238095,32.738095238095234,32.738095238095234
2020-08-20,17.261904761904763,18.452380952380953,30.952380952380953,32.142857142857146,33.92857142857143,30.158730158730158,16.865079365079364,32.53968253968254,34.32539682539682,18.452380952380953,14.88095238095238,16.666666666666664,20.238095238095237,25.595238095238095,32.738095238095234,32.738095238095234
2020-08-21,17.261904761904763,18.452380952380953,30.952380952380953,32.142857142857146,33.92857142857143,30.158730158730158,16.865079365079364,32.53968253968254,34.32539682539682,18.452380952380953,14.88095238095238,16.666666666666664,20.238095238095237,25.595238095238095,32.738095238095234,32.738095238095234
2020-08-22,17.261904761904763,18.452380952380953,30.952380952380953,32.142857142857146,33.92857142857143,30.158730158730158,16.865079365079364,32.53968253968254,34.32539682539682,18.452380952380953,14.88095238095238,16.666666666666664,20.238095238095237,25.595238095238095,32.738095238095234,32.738095238095234
2020-08-23,17.261904761904763,18.452380952380953,30.952380952380953,32.142857142857146,33.92857142857143,30.158730158730158,16.865079365079364,32.53968253968254,34.32539682539682,18.452380952380953,14.88095238095238,16.666666666666664,20.238095238095237,25.595238095238095,32.738095238095234,32.738095238095234
2020-08-24,17.261904761904763,18.452380952380953,30.952380952380953,32.142857142857146,33.92857142857143,30.158730158730158,16.865079365079364,32.53968253968254,34.32539682539682,18.452380952380953,14.88095238095238,16.666666666666664,20.238095238095237,25.595238095238095,32.738095238095234,32.738095238095234
2020-08-25,17.261904761904763,18.452380952380953,30.952380952380953,32.142857142857146,33.92857142857143,30.158730158730158,16.865079365079364,32.53968253968254,34.32539682539682,18.452380952380953,14.88095238095238,16.666666666666664,20.238095238095237,25.595238095238095,32.738095238095234,32.738095238095234
2020-08-26,17.261904761904763,18.452380952380953,30.952380952380953,32.142857142857146,33.92857142857143,30.158730158730158,16.865079365079364,32.53968253968254,34.32539682539682,18.452380952380953,14.88095238095238,16.666666666666664,20.238095238095237,25.595238095238095,18.452380952380953,32.738095238095234
2020-08-27,17.261904761904763,18.452380952380953,30.952380952380953,32.142857142857146,33.92857142857143,30.158730158730158,16.865079365079364,32.53968253968254,34.32539682539682,18.452380952380953,14.88095238095238,16.666666666666664,20.238095238095237,25.595238095238095,18.452380952380953,32.738095238095234
2020-08-28,17.261904761904763,18.452380952380953,30.952380952380953,32.142857142857146,33.92857142857143,30.158730158730158,16.865079365079364,32.53968253968254,34.32539682539682,18.452380952380953,14.88095238095238,16.666666666666664,20.238095238095237,25.595238095238095,18.452380952380953,32.738095238095234
2020-08-29,17.261904761904763,18.452380952380953,30.952380952380953,32.142857142857146,33.92857142857143,30.158730158730158,16.865079365079364,32.53968253968254,34.32539682539682,18.452380952380953,14.88095238095238,16.666666666666664,20.238095238095237,25.595238095238095,18.452380952380953,32.738095238095234
2020-08-30,17.261904761904763,18.452380952380953,30.952380952380953,32.142857142857146,33.92857142857143,30.158730158730158,16.865079365079364,32.53968253968254,34.32539682539682,18.452380952380953,14.88095238095238,16.666666666666664,20.238095238095237,25.595238095238095,18.452380952380953,32.738095238095234
2020-08-31,17.261904761904763,18.452380952380953,30.952380952380953,32.142857142857146,33.92857142857143,30.158730158730158,16.865079365079364,32.53968253968254,34.32539682539682,18.452380952380953,14.88095238095238,16.666666666666664,20.238095238095237,25.595238095238095,18.452380952380953,27.38095238095238
2020-09-01,17.261904761904763,18.452380952380953,16.666666666666664,32.142857142857146,33.92857142857143,30.158730158730158,16.865079365079364,32.53968253968254,34.32539682539682,18.452380952380953,14.88095238095238,16.666666666666664,18.452380952380953,25.595238095238095,18.452380952380953,27.38095238095238
2020-09-02,17.261904761904763,18.452380952380953,16.666666666666664,32.142857142857146,33.92857142857143,30.158730158730158,16.865079365079364,32.53968253968254,35.51587301587302,18.452380952380953,14.88095238095238,16.666666666666664,18.452380952380953,25.595238095238095,18.452380952380953,27.38095238095238
2020-09-03,17.261904761904763,18.452380952380953,16.666666666666664,32.142857142857146,33.92857142857143,30.158730158730158,16.865079365079364,32.53968253968254,35.51587301587302,18.452380952380953,14.88095238095238,16.666666666666664,18.452380952380953,25.595238095238095,18.452380952380953,27.38095238095238
2020-09-04,17.261904761904763,18.452380952380953,16.666666666666664,32.142857142857146,33.92857142857143,30.158730158730158,31.15079365079365,32.53968253968254,35.51587301587302,18.452380952380953,14.88095238095238,16.666666666666664,18.452380952380953,25.595238095238095,18.452380952380953,27.38095238095238
2020-09-05,17.261904761904763,18.452380952380953,16.666666666666664,32.142857142857146,33.92857142857143,30.158730158730158,31.15079365079365,32.53968253968254,35.51587301587302,18.452380952380953,14.88095238095238,16.666666666666664,18.452380952380953,25.595238095238095,18.452380952380953,27.38095238095238
2020-09-06,17.261904761904763,18.452380952380953,16.666666666666664,32.142857142857146,33.92857142857143,30.158730158730158,31.15079365079365,32.53968253968254,35.51587301587302,18.452380952380953,14.88095238095238,16.666666666666664,18.452380952380953,25.595238095238095,18.452380952380953,27.38095238095238
2020-09-07,17.261904761904763,18.452380952380953,16.666666666666664,32.142857142857146,33.92857142857143,30.158730158730158,31.15079365079365,32.53968253968254,35.51587301587302,18.452380952380953,14.88095238095238,16.666666666666664,18.452380952380953,25.595238095238095,18.452380952380953,27.38095238095238
2020-09-08,17.261904761904763,18.452380952380953,16.666666666666664,32.142857142857146,33.92857142857143,30.158730158730158,31.15079365079365,32.53968253968254,35.51587301587302,18.452380952380953,14.88095238095238,16.666666666666664,18.452380952380953,25.595238095238095,18.452380952380953,27.38095238095238
2020-09-09,17.261904761904763,18.452380952380953,16.666666666666664,32.142857142857146,33.92857142857143,30.158730158730158,31.15079365079365,32.53968253968254,35.51587301587302,18.452380952380953,14.88095238095238,16.666666666666664,18.452380952380953,25.595238095238095,18.452380952380953,27.38095238095238
2020-09-10,17.261904761904763,18.452380952380953,16.666666666666664,32.142857142857146,33.92857142857143,30.158730158730158,31.15079365079365,32.53968253968254,35.51587301587302,18.452380952380953,14.88095238095238,16.666666666666664,18.452380952380953,25.595238095238095,18.452380952380953,27.38095238095238
2020-09-11,17.261904761904763,18.452380952380953,16.666666666666664,32.142857142857146,33.92857142857143,30.158730158730158,31.15079365079365,32.53968253968254,35.51587301587302,18.452380952380953,14.88095238095238,16.666666666666664,18.452380952380953,25.595238095238095,18.452380952380953,27.38095238095238
2020-09-12,17.261904761904763,18.452380952380953,16.666666666666664,32.142857142857146,33.92857142857143,30.158730158730158,31.15079365079365,32.53968253968254,35.51587301587302,18.452380952380953,14.88095238095238,16.666666666666664,18.452380952380953,25.595238095238095,18.452380952380953,27.38095238095238
2020-09-13,17.261904761904763,18.452380952380953,16.666666666666664,32.142857142857146,33.92857142857143,30.158730158730158,31.15079365079365,32.53968253968254,35.51587301587302,18.452380952380953,14.88095238095238,16.666666666666664,18.452380952380953,25.595238095238095,18.452380952380953,27.38095238095238
2020-09-14,17.261904761904763,18.452380952380953,16.666666666666664,35.714285714285715,33.92857142857143,30.158730158730158,31.15079365079365,32.53968253968254,35.51587301587302,18.452380952380953,14.88095238095238,16.666666666666664,18.452380952380953,25.595238095238095,16.666666666666664,27.38095238095238
2020-09-15,17.261904761904763,18.452380952380953,16.666666666666664,35.714285714285715,33.92857142857143,30.158730158730158,31.15079365079365,32.53968253968254,35.51587301587302,18.452380952380953,14.88095238095238,16.666666666666664,18.452380952380953,25.595238095238095,16.666666666666664,27.38095238095238
2020-09-16,17.261904761904763,18.452380952380953,16.666666666666664,35.714285714285715,33.92857142857143,30.158730158730158,31.15079365079365,32.53968253968254,35.51587301587302,18.452380952380953,14.88095238095238,16.666666666666664,18.452380952380953,25.595238095238095,16.666666666666664,27.38095238095238
2020-09-17,17.261904761904763,18.452380952380953,16.666666666666664,35.714285714285715,33.92857142857143,30.158730158730158,31.15079365079365,32.53968253968254,35.51587301587302,18.452380952380953,14.88095238095238,16.666666666666664,18.452380952380953,25.595238095238095,16.666666666666664,27.38095238095238
2020-09-18,17.261904761904763,18.452380952380953,16.666666666666664,35.714285714285715,33.92857142857143,30.158730158730158,31.15079365079365,32.53968253968254,35.51587301587302,18.452380952380953,14.88095238095238,16.666666666666664,18.452380952380953,25.595238095238095,16.666666666666664,27.38095238095238
2020-09-19,17.261904761904763,18.452380952380953,16.666666666666664,35.714285714285715,33.92857142857143,30.158730158730158,31.15079365079365,32.53968253968254,36.11111111111111,18.452380952380953,14.88095238095238,16.666666666666664,18.452380952380953,25.595238095238095,16.666666666666664,27.38095238095238
2020-09-20,17.261904761904763,18.452380952380953,16.666666666666664,35.714285714285715,33.92857142857143,30.158730158730158,31.15079365079365,32.53968253968254,34.32539682539682,18.452380952380953,14.88095238095238,16.666666666666664,18.452380952380953,25.595238095238095,16.666666666666664,27.38095238095238
2020-09-21,17.261904761904763,18.452380952380953,16.666666666666664,35.714285714285715,33.92857142857143,30.158730158730158,31.15079365079365,32.53968253968254,34.32539682539682,18.452380952380953,14.88095238095238,16.666666666666664,18.452380952380953,25.595238095238095,16.666666666666664,27.38095238095238
2020-09-22,17.261904761904763,18.452380952380953,16.666666666666664,35.714285714285715,33.92857142857143,30.158730158730158,31.15079365079365,32.53968253968254,34.32539682539682,18.452380952380953,14.88095238095238,16.666666666666664,18.452380952380953,25.595238095238095,16.666666666666664,27.38095238095238
2020-09-23,17.261904761904763,18.452380952380953,16.666666666666664,37.3015873015873,33.92857142857143,30.158730158730158,31.15079365079365,32.53968253968254,34.32539682539682,18.452380952380953,14.88095238095238,16.666666666666664,18.452380952380953,25.595238095238095,16.666666666666664,27.38095238095238
2020-09-24,17.261904761904763,18.452380952380953,16.666666666666664,37.3015873015873,33.92857142857143,30.158730158730158,31.15079365079365,32.53968253968254,34.32539682539682,18.452380952380953,14.88095238095238,16.666666666666664,18.452380952380953,25.595238095238095,16.666666666666664,27.38095238095238
2020-09-25,17.261904761904763,18.452380952380953,16.666666666666664,37.3015873015873,33.92857142857143,30.158730158730158,31.15079365079365,32.53968253968254,34.32539682539682,18.452380952380953,14.88095238095238,16.666666666666664,18.452380952380953,25.595238095238095,16.666666666666664,27.38095238095238
2020-09-26,17.261904761904763,18.452380952380953,16.666666666666664,37.3015873015873,33.92857142857143,30.158730158730158,31.15079365079365,32.53968253968254,34.32539682539682,18.452380952380953,14.88095238095238,16.666666666666664,18.452380952380953,25.595238095238095,16.666666666666664,27.38095238095238
2020-09-27,17.261904761904763,18.452380952380953,16.666666666666664,37.3015873015873,33.92857142857143,30.158730158730158,31.15079365079365,32.53968253968254,34.32539682539682,18.452380952380953,14.88095238095238,16.666666666666664,18.452380952380953,25.595238095238095,16.666666666666664,27.38095238095238
2020-09-28,17.261904761904763,18.452380952380953,16.666666666666664,37.3015873015873,33.92857142857143,30.158730158730158,31.15079365079365,32.53968253968254,34.32539682539682,18.452380952380953,14.88095238095238,16.666666666666664,18.452380952380953,25.595238095238095,16.666666666666664,27.38095238095238
2020-09-29,17.261904761904763,18.452380952380953,16.666666666666664,37.3015873015873,33.92857142857143,30.158730158730158,31.15079365079365,32.53968253968254,34.32539682539682,18.452380952380953,14.88095238095238,16.666666666666664,18.452380952380953,25.595238095238095,16.666666666666664,27.38095238095238
2020-09-30,17.261904761904763,18.452380952380953,16.666666666666664,37.3015873015873,33.92857142857143,30.158730158730158,31.15079365079365,32.53968253968254,34.32539682539682,18.452380952380953,14.88095238095238,16.666666666666664,18.452380952380953,25.595238095238095,16.666666666666664,27.38095238095238
2020-10-01,17.261904761904763,16.666666666666664,13.69047619047619,37.3015873015873,33.92857142857143,30.158730158730158,31.15079365079365,34.32539682539682,34.32539682539682,18.452380952380953,14.88095238095238,16.666666666666664,18.452380952380953,26.190476190476186,16.666666666666664,27.38095238095238
2020-10-02,17.261904761904763,16.666666666666664,13.69047619047619,37.3015873015873,33.92857142857143,30.158730158730158,31.15079365079365,34.32539682539682,34.32539682539682,18.452380952380953,14.88095238095238,16.666666666666664,18.452380952380953,26.190476190476186,16.666666666666664,27.38095238095238
2020-10-03,17.261904761904763,16.666666666666664,13.69047619047619,37.3015873015873,33.92857142857143,30.158730158730158,31.15079365079365,34.32539682539682,34.32539682539682,18.452380952380953,14.88095238095238,16.666666666666664,18.452380952380953,26.190476190476186,16.666666666666664,27.38095238095238
2020-10-04,17.261904761904763,19.047619047619044,13.69047619047619,37.3015873015873,33.92857142857143,30.158730158730158,31.15079365079365,34.32539682539682,34.32539682539682,18.452380952380953,14.88095238095238,16.666666666666664,18.452380952380953,26.190476190476186,16.666666666666664,27.38095238095238
2020-10-05,17.261904761904763,19.047619047619044,13.69047619047619,37.3015873015873,33.92857142857143,30.158730158730158,31.15079365079365,34.32539682539682,34.32539682539682,18.452380952380953,14.88095238095238,16.666666666666664,18.452380952380953,26.190476190476186,16.666666666666664,27.38095238095238
2020-10-06,17.261904761904763,19.047619047619044,13.69047619047619,37.3015873015873,33.92857142857143,30.158730158730158,31.15079365079365,34.32539682539682,34.32539682539682,18.452380952380953,14.88095238095238,16.666666666666664,18.452380952380953,26.190476190476186,16.666666666666664,27.38095238095238
2020-10-07,17.261904761904763,19.047619047619044,13.69047619047619,37.3015873015873,33.92857142857143,30.158730158730158,31.15079365079365,34.32539682539682,34.32539682539682,18.452380952380953,14.88095238095238,16.666666666666664,18.452380952380953,26.190476190476186,16.666666666666664,27.38095238095238
2020-10-08,17.261904761904763,19.047619047619044,13.69047619047619,37.3015873015873,33.92857142857143,30.158730158730158,31.15079365079365,34.32539682539682,34.32539682539682,18.452380952380953,14.88095238095238,16.666666666666664,18.452380952380953,26.190476190476186,16.666666666666664,27.38095238095238
2020-10-09,17.261904761904763,19.047619047619044,13.69047619047619,37.3015873015873,33.92857142857143,30.158730158730158,31.15079365079365,34.32539682539682,34.32539682539682,18.452380952380953,14.88095238095238,16.666666666666664,18.452380952380953,26.190476190476186,16.666666666666664,27.38095238095238
2020-10-10,17.261904761904763,19.047619047619044,13.69047619047619,37.3015873015873,33.92857142857143,30.158730158730158,31.15079365079365,34.32539682539682,34.32539682539682,18.452380952380953,14.88095238095238,16.666666666666664,18.452380952380953,26.190476190476186,16.666666666666664,27.38095238095238
2020-10-11,17.261904761904763,19.047619047619044,13.69047619047619,37.3015873015873,33.92857142857143,30.158730158730158,31.15079365079365,34.32539682539682,34.32539682539682,18.452380952380953,14.88095238095238,16.666666666666664,18.452380952380953,26.190476190476186,16.666666666666664,27.38095238095238
2020-10-12,17.261904761904763,19.047619047619044,13.69047619047619,37.3015873015873,33.92857142857143,30.158730158730158,16.865079365079364,34.32539682539682,34.32539682539682,18.452380952380953,14.88095238095238,16.666666666666664,18.452380952380953,26.190476190476186,16.666666666666664,27.38095238095238
2020-10-13,17.261904761904763,19.047619047619044,13.69047619047619,37.3015873015873,33.92857142857143,30.158730158730158,16.865079365079364,34.32539682539682,34.32539682539682,18.452380952380953,14.88095238095238,16.666666666666664,18.452380952380953,26.190476190476186,16.666666666666664,27.38095238095238
2020-10-14,17.261904761904763,19.047619047619044,13.69047619047619,37.3015873015873,33.92857142857143,30.158730158730158,16.865079365079364,34.32539682539682,34.32539682539682,18.452380952380953,14.88095238095238,16.666666666666664,32.738095238095234,26.190476190476186,16.666666666666664,27.38095238095238
2020-10-15,17.261904761904763,19.047619047619044,13.69047619047619,37.3015873015873,33.92857142857143,30.158730158730158,16.865079365079364,34.32539682539682,34.32539682539682,18.452380952380953,14.88095238095238,16.666666666666664,32.738095238095234,26.190476190476186,16.666666666666664,27.38095238095238
2020-10-16,17.261904761904763,19.047619047619044,13.69047619047619,37.3015873015873,33.92857142857143,30.158730158730158,16.865079365079364,34.32539682539682,34.32539682539682,18.452380952380953,14.88095238095238,16.666666666666664,32.738095238095234,26.190476190476186,16.666666666666664,27.38095238095238
2020-10-17,17.261904761904763,19.047619047619044,13.69047619047619,37.3015873015873,33.92857142857143,30.158730158730158,16.865079365079364,34.32539682539682,34.32539682539682,18.452380952380953,14.88095238095238,16.666666666666664,32.738095238095234,26.190476190476186,16.666666666666664,27.38095238095238
2020-10-18,17.261904761904763,19.047619047619044,13.69047619047619,37.3015873015873,33.92857142857143,30.158730158730158,16.865079365079364,34.32539682539682,34.32539682539682,18.452380952380953,14.88095238095238,16.666666666666664,32.738095238095234,26.190476190476186,16.666666666666664,27.38095238095238
2020-10-19,17.261904761904763,19.047619047619044,13.69047619047619,37.3015873015873,13.095238095238093,30.158730158730158,16.865079365079364,34.32539682539682,34.32539682539682,18.452380952380953,14.88095238095238,16.666666666666664,32.738095238095234,26.190476190476186,16.666666666666664,27.38095238095238
2020-10-20,17.261904761904763,19.047619047619044,13.69047619047619,37.3015873015873,13.095238095238093,30.158730158730158,16.865079365079364,34.32539682539682,34.32539682539682,18.452380952380953,14.88095238095238,16.666666666666664,32.738095238095234,26.190476190476186,16.666666666666664,27.38095238095238
2020-10-21,17.261904761904763,19.047619047619044,13.69047619047619,37.3015873015873,13.095238095238093,30.158730158730158,16.865079365079364,34.32539682539682,34.32539682539682,18.452380952380953,14.88095238095238,16.666666666666664,32.738095238095234,26.190476190476186,16.666666666666664,27.38095238095238
2020-10-22,17.261904761904763,19.047619047619044,13.69047619047619,37.3015873015873,13.095238095238093,30.158730158730158,16.865079365079364,34.32539682539682,34.32539682539682,18.452380952380953,14.88095238095238,16.666666666666664,32.738095238095234,26.190476190476186,16.666666666666664,27.38095238095238
2020-10-23,17.261904761904763,19.047619047619044,13.69047619047619,37.3015873015873,13.095238095238093,30.158730158730158,16.865079365079364,34.32539682539682,34.32539682539682,18.452380952380953,14.88095238095238,16.666666666666664,32.738095238095234,26.190476190476186,16.666666666666664,27.38095238095238
2020-10-24,17.261904761904763,19.047619047619044,13.69047619047619,37.3015873015873,13.095238095238093,30.158730158730158,16.865079365079364,34.32539682539682,34.32539682539682,18.452380952380953,14.88095238095238,16.666666666666664,32.738095238095234,26.190476190476186,16.666666666666664,27.38095238095238
2020-10-25,17.261904761904763,19.047619047619044,13.69047619047619,37.3015873015873,13.095238095238093,30.158730158730158,16.865079365079364,34.32539682539682,34.32539682539682,18.452380952380953,14.88095238095238,16.666666666666664,32.738095238095234,26.190476190476186,16.666666666666664,27.38095238095238
2020-10-26,17.261904761904763,19.047619047619044,13.69047619047619,37.3015873015873,13.095238095238093,30.158730158730158,16.865079365079364,34.32539682539682,34.32539682539682,18.452380952380953,14.88095238095238,16.666666666666664,33.333333333333336,26.190476190476186,16.666666666666664,27.38095238095238
2020-10-27,17.261904761904763,19.047619047619044,13.69047619047619,37.3015873015873,13.095238095238093,30.158730158730158,16.865079365079364,34.32539682539682,34.32539682539682,18.452380952380953,14.88095238095238,16.666666666666664,33.333333333333336,26.190476190476186,16.666666666666664,27.38095238095238
2020-10-28,17.261904761904763,19.047619047619044,13.69047619047619,37.3015873015873,13.095238095238093,30.158730158730158,16.865079365079364,34.32539682539682,34.32539682539682,18.452380952380953,14.88095238095238,16.666666666666664,33.333333333333336,26.190476190476186,16.666666666666664,27.38095238095238
2020-10-29,17.261904761904763,19.047619047619044,13.69047619047619,37.3015873015873,13.095238095238093,30.158730158730158,16.865079365079364,34.32539682539682,34.32539682539682,18.452380952380953,14.88095238095238,16.666666666666664,33.333333333333336,26.190476190476186,16.666666666666664,27.38095238095238
2020-10-30,17.261904761904763,19.047619047619044,13.69047619047619,37.3015873015873,13.095238095238093,30.158730158730158,16.865079365079364,34.32539682539682,34.32539682539682,18.452380952380953,14.88095238095238,16.666666666666664,33.333333333333336,28.571428571428573,16.666666666666664,27.38095238095238
2020-10-31,17.261904761904763,19.047619047619044,13.69047619047619,37.3015873015873,13.095238095238093,30.158730158730158,16.865079365079364,34.32539682539682,34.32539682539682,18.452380952380953,14.88095238095238,16.666666666666664,33.333333333333336,28.571428571428573,16.666666666666664,27.38095238095238
2020-11-01,17.261904761904763,19.047619047619044,13.69047619047619,37.3015873015873,13.095238095238093,30.158730158730158,16.865079365079364,34.32539682539682,34.32539682539682,18.452380952380953,14.88095238095238,16.666666666666664,33.333333333333336,28.571428571428573,16.666666666666664,13.095238095238093
2020-11-02,30.952380952380956,28.571428571428573,31.547619047619047,45.63492063492064,28.571428571428573,44.44444444444444,29.960317460317462,44.642857142857146,46.23015873015873,28.571428571428573,30.952380952380953,28.571428571428573,29.166666666666668,43.452380952380956,28.571428571428573,28.571428571428573
